b_digits,a_digits_1,a_digits_2,a_digits_3,a_digits_4,a_digits_5,a_digits_6,a_digits_7,a_digits_8,a_digits_9,a_digits_10,a_digits_11,a_digits_12,a_digits_13
13,0.16666666666666666,0.13333333333333333,0.0,0.0,0.0,0.0,0.0,0.0,0.0,0.0,0.0,0.0,0.0
12,0.5333333333333333,0.2,0.0,0.0,0.0,0.0,0.0,0.0,0.0,0.0,0.0,0.0,0.0
11,0.4666666666666667,0.1,0.0,0.0,0.0,0.0,0.0,0.0,0.0,0.0,0.0,0.0,0.0
10,0.7,0.26666666666666666,0.03333333333333333,0.0,0.0,0.0,0.0,0.0,0.0,0.13333333333333333,0.0,0.0,0.0
9,0.7666666666666667,0.4666666666666667,0.03333333333333333,0.0,0.0,0.0,0.0,0.03333333333333333,0.06666666666666667,0.0,0.0,0.0,0.0
8,0.5333333333333333,0.2,0.0,0.0,0.0,0.0,0.06666666666666667,0.13333333333333333,0.0,0.0,0.0,0.0,0.0
7,0.5333333333333333,0.23333333333333334,0.16666666666666666,0.1,0.03333333333333333,0.03333333333333333,0.13333333333333333,0.03333333333333333,0.0,0.0,0.0,0.0,0.0
6,0.6,0.6,0.3333333333333333,0.1,0.5333333333333333,0.4666666666666667,0.06666666666666667,0.03333333333333333,0.0,0.0,0.0,0.0,0.0
5,0.7333333333333333,0.6666666666666666,0.8666666666666667,0.8,0.5333333333333333,0.4,0.0,0.0,0.03333333333333333,0.0,0.0,0.0,0.0
4,0.8333333333333334,0.9333333333333333,0.9,0.9333333333333333,0.5333333333333333,0.13333333333333333,0.0,0.0,0.0,0.0,0.0,0.0,0.0
3,1.0,0.9333333333333333,0.9,0.8,0.6666666666666666,0.36666666666666664,0.16666666666666666,0.0,0.0,0.03333333333333333,0.0,0.0,0.0
2,1.0,1.0,0.9333333333333333,0.9,0.7666666666666667,0.7666666666666667,0.43333333333333335,0.5,0.6333333333333333,0.43333333333333335,0.4,0.13333333333333333,0.23333333333333334
1,0.9666666666666667,1.0,1.0,1.0,0.8,0.6666666666666666,0.7666666666666667,0.8,0.8,0.6,0.43333333333333335,0.3,0.36666666666666664
