case_id,a_digits,b_digits,replicate,request_order,a,b,correct_answer,result_digits,carry_count,longest_carry_chain,expected_words,prompt
a01_b01_r01,1,1,1,1,7,9,16,2,1,1,sixteen,"What is 7 + 9? Please write your answer in words. Do not include any other text or information, just the answer in words."
a02_b01_r01,2,1,1,2,39,3,42,2,1,1,forty-two,"What is 39 + 3? Please write your answer in words. Do not include any other text or information, just the answer in words."
a01_b02_r01,1,2,1,3,2,89,91,2,1,1,ninety-one,"What is 2 + 89? Please write your answer in words. Do not include any other text or information, just the answer in words."
a02_b02_r01,2,2,1,4,74,24,98,2,0,0,ninety-eight,"What is 74 + 24? Please write your answer in words. Do not include any other text or information, just the answer in words."
a03_b01_r01,3,1,1,5,250,4,254,3,0,0,two hundred fifty-four,"What is 250 + 4? Please write your answer in words. Do not include any other text or information, just the answer in words."
a01_b03_r01,1,3,1,6,6,388,394,3,1,1,three hundred ninety-four,"What is 6 + 388? Please write your answer in words. Do not include any other text or information, just the answer in words."
a02_b03_r01,2,3,1,7,71,443,514,3,1,1,five hundred fourteen,"What is 71 + 443? Please write your answer in words. Do not include any other text or information, just the answer in words."
a03_b02_r01,3,2,1,8,598,24,622,3,2,2,six hundred twenty-two,"What is 598 + 24? Please write your answer in words. Do not include any other text or information, just the answer in words."
a03_b03_r01,3,3,1,9,737,952,1689,4,1,1,one thousand six hundred eighty-nine,"What is 737 + 952? Please write your answer in words. Do not include any other text or information, just the answer in words."
a01_b04_r01,1,4,1,10,5,4782,4787,4,0,0,four thousand seven hundred eighty-seven,"What is 5 + 4782? Please write your answer in words. Do not include any other text or information, just the answer in words."
a04_b01_r01,4,1,1,11,9049,3,9052,4,1,1,nine thousand fifty-two,"What is 9049 + 3? Please write your answer in words. Do not include any other text or information, just the answer in words."
a02_b04_r01,2,4,1,12,61,1527,1588,4,0,0,one thousand five hundred eighty-eight,"What is 61 + 1527? Please write your answer in words. Do not include any other text or information, just the answer in words."
a04_b02_r01,4,2,1,13,3564,63,3627,4,1,1,three thousand six hundred twenty-seven,"What is 3564 + 63? Please write your answer in words. Do not include any other text or information, just the answer in words."
a04_b03_r01,4,3,1,14,2607,420,3027,4,1,1,three thousand twenty-seven,"What is 2607 + 420? Please write your answer in words. Do not include any other text or information, just the answer in words."
a03_b04_r01,3,4,1,15,110,6998,7108,4,2,2,seven thousand one hundred eight,"What is 110 + 6998? Please write your answer in words. Do not include any other text or information, just the answer in words."
a04_b04_r01,4,4,1,16,9524,2647,12171,5,3,2,twelve thousand one hundred seventy-one,"What is 9524 + 2647? Please write your answer in words. Do not include any other text or information, just the answer in words."
a05_b01_r01,5,1,1,17,27625,6,27631,5,1,1,twenty-seven thousand six hundred thirty-one,"What is 27625 + 6? Please write your answer in words. Do not include any other text or information, just the answer in words."
a01_b05_r01,1,5,1,18,7,97845,97852,5,1,1,ninety-seven thousand eight hundred fifty-two,"What is 7 + 97845? Please write your answer in words. Do not include any other text or information, just the answer in words."
a02_b05_r01,2,5,1,19,72,12243,12315,5,1,1,twelve thousand three hundred fifteen,"What is 72 + 12243? Please write your answer in words. Do not include any other text or information, just the answer in words."
a05_b02_r01,5,2,1,20,64536,73,64609,5,1,1,sixty-four thousand six hundred nine,"What is 64536 + 73? Please write your answer in words. Do not include any other text or information, just the answer in words."
a05_b03_r01,5,3,1,21,27023,644,27667,5,0,0,twenty-seven thousand six hundred sixty-seven,"What is 27023 + 644? Please write your answer in words. Do not include any other text or information, just the answer in words."
a03_b05_r01,3,5,1,22,734,92176,92910,5,2,2,ninety-two thousand nine hundred ten,"What is 734 + 92176? Please write your answer in words. Do not include any other text or information, just the answer in words."
a05_b04_r01,5,4,1,23,49299,2497,51796,5,3,2,fifty-one thousand seven hundred ninety-six,"What is 49299 + 2497? Please write your answer in words. Do not include any other text or information, just the answer in words."
a04_b05_r01,4,5,1,24,5655,78529,84184,5,3,2,eighty-four thousand one hundred eighty-four,"What is 5655 + 78529? Please write your answer in words. Do not include any other text or information, just the answer in words."
a05_b05_r01,5,5,1,25,43939,55601,99540,5,2,1,ninety-nine thousand five hundred forty,"What is 43939 + 55601? Please write your answer in words. Do not include any other text or information, just the answer in words."
a06_b01_r01,6,1,1,26,503380,5,503385,6,0,0,five hundred three thousand three hundred eighty-five,"What is 503380 + 5? Please write your answer in words. Do not include any other text or information, just the answer in words."
a01_b06_r01,1,6,1,27,6,248208,248214,6,1,1,two hundred forty-eight thousand two hundred fourteen,"What is 6 + 248208? Please write your answer in words. Do not include any other text or information, just the answer in words."
a02_b06_r01,2,6,1,28,63,808624,808687,6,0,0,eight hundred eight thousand six hundred eighty-seven,"What is 63 + 808624? Please write your answer in words. Do not include any other text or information, just the answer in words."
a06_b02_r01,6,2,1,29,531286,33,531319,6,1,1,five hundred thirty-one thousand three hundred nineteen,"What is 531286 + 33? Please write your answer in words. Do not include any other text or information, just the answer in words."
a03_b06_r01,3,6,1,30,202,329107,329309,6,0,0,three hundred twenty-nine thousand three hundred nine,"What is 202 + 329107? Please write your answer in words. Do not include any other text or information, just the answer in words."
a06_b03_r01,6,3,1,31,761613,389,762002,6,3,3,seven hundred sixty-two thousand two,"What is 761613 + 389? Please write your answer in words. Do not include any other text or information, just the answer in words."
a04_b06_r01,4,6,1,32,6412,943529,949941,6,1,1,nine hundred forty-nine thousand nine hundred forty-one,"What is 6412 + 943529? Please write your answer in words. Do not include any other text or information, just the answer in words."
a06_b04_r01,6,4,1,33,195105,5742,200847,6,2,2,two hundred thousand eight hundred forty-seven,"What is 195105 + 5742? Please write your answer in words. Do not include any other text or information, just the answer in words."
a05_b06_r01,5,6,1,34,62869,470091,532960,6,3,2,five hundred thirty-two thousand nine hundred sixty,"What is 62869 + 470091? Please write your answer in words. Do not include any other text or information, just the answer in words."
a06_b05_r01,6,5,1,35,970628,98166,1068794,7,3,2,one million sixty-eight thousand seven hundred ninety-four,"What is 970628 + 98166? Please write your answer in words. Do not include any other text or information, just the answer in words."
a06_b06_r01,6,6,1,36,896700,173477,1070177,7,4,4,one million seventy thousand one hundred seventy-seven,"What is 896700 + 173477? Please write your answer in words. Do not include any other text or information, just the answer in words."
a07_b01_r01,7,1,1,37,5192657,7,5192664,7,1,1,five million one hundred ninety-two thousand six hundred sixty-four,"What is 5192657 + 7? Please write your answer in words. Do not include any other text or information, just the answer in words."
a01_b07_r01,1,7,1,38,9,7433075,7433084,7,1,1,seven million four hundred thirty-three thousand eighty-four,"What is 9 + 7433075? Please write your answer in words. Do not include any other text or information, just the answer in words."
a07_b02_r01,7,2,1,39,9009218,80,9009298,7,0,0,nine million nine thousand two hundred ninety-eight,"What is 9009218 + 80? Please write your answer in words. Do not include any other text or information, just the answer in words."
a02_b07_r01,2,7,1,40,67,3177216,3177283,7,1,1,three million one hundred seventy-seven thousand two hundred eighty-three,"What is 67 + 3177216? Please write your answer in words. Do not include any other text or information, just the answer in words."
a07_b03_r01,7,3,1,41,3508428,382,3508810,7,2,2,three million five hundred eight thousand eight hundred ten,"What is 3508428 + 382? Please write your answer in words. Do not include any other text or information, just the answer in words."
a03_b07_r01,3,7,1,42,883,5990833,5991716,7,2,2,five million nine hundred ninety-one thousand seven hundred sixteen,"What is 883 + 5990833? Please write your answer in words. Do not include any other text or information, just the answer in words."
a04_b07_r01,4,7,1,43,4852,2590813,2595665,7,1,1,two million five hundred ninety-five thousand six hundred sixty-five,"What is 4852 + 2590813? Please write your answer in words. Do not include any other text or information, just the answer in words."
a07_b04_r01,7,4,1,44,3977485,8673,3986158,7,3,3,three million nine hundred eighty-six thousand one hundred fifty-eight,"What is 3977485 + 8673? Please write your answer in words. Do not include any other text or information, just the answer in words."
a07_b05_r01,7,5,1,45,5664667,11082,5675749,7,1,1,five million six hundred seventy-five thousand seven hundred forty-nine,"What is 5664667 + 11082? Please write your answer in words. Do not include any other text or information, just the answer in words."
a05_b07_r01,5,7,1,46,66876,9964885,10031761,8,7,7,ten million thirty-one thousand seven hundred sixty-one,"What is 66876 + 9964885? Please write your answer in words. Do not include any other text or information, just the answer in words."
a07_b06_r01,7,6,1,47,1741560,301826,2043386,7,2,1,two million forty-three thousand three hundred eighty-six,"What is 1741560 + 301826? Please write your answer in words. Do not include any other text or information, just the answer in words."
a06_b07_r01,6,7,1,48,783674,1248693,2032367,7,5,5,two million thirty-two thousand three hundred sixty-seven,"What is 783674 + 1248693? Please write your answer in words. Do not include any other text or information, just the answer in words."
a07_b07_r01,7,7,1,49,7846459,9948501,17794960,8,4,2,seventeen million seven hundred ninety-four thousand nine hundred sixty,"What is 7846459 + 9948501? Please write your answer in words. Do not include any other text or information, just the answer in words."
a01_b08_r01,1,8,1,50,9,77827870,77827879,8,0,0,seventy-seven million eight hundred twenty-seven thousand eight hundred seventy-nine,"What is 9 + 77827870? Please write your answer in words. Do not include any other text or information, just the answer in words."
a08_b01_r01,8,1,1,51,38989856,6,38989862,8,1,1,thirty-eight million nine hundred eighty-nine thousand eight hundred sixty-two,"What is 38989856 + 6? Please write your answer in words. Do not include any other text or information, just the answer in words."
a08_b02_r01,8,2,1,52,65663504,81,65663585,8,0,0,sixty-five million six hundred sixty-three thousand five hundred eighty-five,"What is 65663504 + 81? Please write your answer in words. Do not include any other text or information, just the answer in words."
a02_b08_r01,2,8,1,53,73,42439903,42439976,8,0,0,forty-two million four hundred thirty-nine thousand nine hundred seventy-six,"What is 73 + 42439903? Please write your answer in words. Do not include any other text or information, just the answer in words."
a08_b03_r01,8,3,1,54,95997002,954,95997956,8,0,0,ninety-five million nine hundred ninety-seven thousand nine hundred fifty-six,"What is 95997002 + 954? Please write your answer in words. Do not include any other text or information, just the answer in words."
a03_b08_r01,3,8,1,55,507,69755837,69756344,8,2,1,sixty-nine million seven hundred fifty-six thousand three hundred forty-four,"What is 507 + 69755837? Please write your answer in words. Do not include any other text or information, just the answer in words."
a04_b08_r01,4,8,1,56,5639,20690700,20696339,8,1,1,twenty million six hundred ninety-six thousand three hundred thirty-nine,"What is 5639 + 20690700? Please write your answer in words. Do not include any other text or information, just the answer in words."
a08_b04_r01,8,4,1,57,98784123,9372,98793495,8,1,1,ninety-eight million seven hundred ninety-three thousand four hundred ninety-five,"What is 98784123 + 9372? Please write your answer in words. Do not include any other text or information, just the answer in words."
a08_b05_r01,8,5,1,58,70732167,59643,70791810,8,3,2,seventy million seven hundred ninety-one thousand eight hundred ten,"What is 70732167 + 59643? Please write your answer in words. Do not include any other text or information, just the answer in words."
a05_b08_r01,5,8,1,59,38765,29228379,29267144,8,4,4,twenty-nine million two hundred sixty-seven thousand one hundred forty-four,"What is 38765 + 29228379? Please write your answer in words. Do not include any other text or information, just the answer in words."
a08_b06_r01,8,6,1,60,66300720,267096,66567816,8,1,1,sixty-six million five hundred sixty-seven thousand eight hundred sixteen,"What is 66300720 + 267096? Please write your answer in words. Do not include any other text or information, just the answer in words."
a06_b08_r01,6,8,1,61,696000,86898098,87594098,8,3,3,eighty-seven million five hundred ninety-four thousand ninety-eight,"What is 696000 + 86898098? Please write your answer in words. Do not include any other text or information, just the answer in words."
a07_b08_r01,7,8,1,62,1040246,10243382,11283628,8,1,1,eleven million two hundred eighty-three thousand six hundred twenty-eight,"What is 1040246 + 10243382? Please write your answer in words. Do not include any other text or information, just the answer in words."
a08_b07_r01,8,7,1,63,66020148,8919852,74940000,8,5,4,seventy-four million nine hundred forty thousand,"What is 66020148 + 8919852? Please write your answer in words. Do not include any other text or information, just the answer in words."
a08_b08_r01,8,8,1,64,69727372,38411191,108138563,9,4,3,one hundred eight million one hundred thirty-eight thousand five hundred sixty-three,"What is 69727372 + 38411191? Please write your answer in words. Do not include any other text or information, just the answer in words."
a01_b09_r01,1,9,1,65,4,180971205,180971209,9,0,0,one hundred eighty million nine hundred seventy-one thousand two hundred nine,"What is 4 + 180971205? Please write your answer in words. Do not include any other text or information, just the answer in words."
a09_b01_r01,9,1,1,66,361578548,5,361578553,9,1,1,three hundred sixty-one million five hundred seventy-eight thousand five hundred fifty-three,"What is 361578548 + 5? Please write your answer in words. Do not include any other text or information, just the answer in words."
a02_b09_r01,2,9,1,67,75,823938904,823938979,9,0,0,eight hundred twenty-three million nine hundred thirty-eight thousand nine hundred seventy-nine,"What is 75 + 823938904? Please write your answer in words. Do not include any other text or information, just the answer in words."
a09_b02_r01,9,2,1,68,869231059,51,869231110,9,2,2,eight hundred sixty-nine million two hundred thirty-one thousand one hundred ten,"What is 869231059 + 51? Please write your answer in words. Do not include any other text or information, just the answer in words."
a09_b03_r01,9,3,1,69,355282809,580,355283389,9,1,1,three hundred fifty-five million two hundred eighty-three thousand three hundred eighty-nine,"What is 355282809 + 580? Please write your answer in words. Do not include any other text or information, just the answer in words."
a03_b09_r01,3,9,1,70,772,205960630,205961402,9,2,2,two hundred five million nine hundred sixty-one thousand four hundred two,"What is 772 + 205960630? Please write your answer in words. Do not include any other text or information, just the answer in words."
a04_b09_r01,4,9,1,71,1075,697966491,697967566,9,1,1,six hundred ninety-seven million nine hundred sixty-seven thousand five hundred sixty-six,"What is 1075 + 697966491? Please write your answer in words. Do not include any other text or information, just the answer in words."
a09_b04_r01,9,4,1,72,737754326,6990,737761316,9,3,3,seven hundred thirty-seven million seven hundred sixty-one thousand three hundred sixteen,"What is 737754326 + 6990? Please write your answer in words. Do not include any other text or information, just the answer in words."
a05_b09_r01,5,9,1,73,54413,350877368,350931781,9,3,2,three hundred fifty million nine hundred thirty-one thousand seven hundred eighty-one,"What is 54413 + 350877368? Please write your answer in words. Do not include any other text or information, just the answer in words."
a09_b05_r01,9,5,1,74,706166707,84335,706251042,9,4,3,seven hundred six million two hundred fifty-one thousand forty-two,"What is 706166707 + 84335? Please write your answer in words. Do not include any other text or information, just the answer in words."
a06_b09_r01,6,9,1,75,873862,551137331,552011193,9,4,4,five hundred fifty-two million eleven thousand one hundred ninety-three,"What is 873862 + 551137331? Please write your answer in words. Do not include any other text or information, just the answer in words."
a09_b06_r01,9,6,1,76,417588839,502988,418091827,9,5,4,four hundred eighteen million ninety-one thousand eight hundred twenty-seven,"What is 417588839 + 502988? Please write your answer in words. Do not include any other text or information, just the answer in words."
a09_b07_r01,9,7,1,77,304379483,4792214,309171697,9,3,3,three hundred nine million one hundred seventy-one thousand six hundred ninety-seven,"What is 304379483 + 4792214? Please write your answer in words. Do not include any other text or information, just the answer in words."
a07_b09_r01,7,9,1,78,7584417,983173685,990758102,9,5,3,nine hundred ninety million seven hundred fifty-eight thousand one hundred two,"What is 7584417 + 983173685? Please write your answer in words. Do not include any other text or information, just the answer in words."
a08_b09_r01,8,9,1,79,72236908,541843741,614080649,9,4,2,six hundred fourteen million eighty thousand six hundred forty-nine,"What is 72236908 + 541843741? Please write your answer in words. Do not include any other text or information, just the answer in words."
a09_b08_r01,9,8,1,80,364952971,86709941,451662912,9,6,3,four hundred fifty-one million six hundred sixty-two thousand nine hundred twelve,"What is 364952971 + 86709941? Please write your answer in words. Do not include any other text or information, just the answer in words."
a09_b09_r01,9,9,1,81,979868077,265052312,1244920389,10,5,3,one billion two hundred forty-four million nine hundred twenty thousand three hundred eighty-nine,"What is 979868077 + 265052312? Please write your answer in words. Do not include any other text or information, just the answer in words."
a01_b10_r01,1,10,1,82,6,6815011889,6815011895,10,1,1,six billion eight hundred fifteen million eleven thousand eight hundred ninety-five,"What is 6 + 6815011889? Please write your answer in words. Do not include any other text or information, just the answer in words."
a10_b01_r01,10,1,1,83,4032202788,8,4032202796,10,1,1,four billion thirty-two million two hundred two thousand seven hundred ninety-six,"What is 4032202788 + 8? Please write your answer in words. Do not include any other text or information, just the answer in words."
a02_b10_r01,2,10,1,84,74,4061290792,4061290866,10,1,1,four billion sixty-one million two hundred ninety thousand eight hundred sixty-six,"What is 74 + 4061290792? Please write your answer in words. Do not include any other text or information, just the answer in words."
a10_b02_r01,10,2,1,85,9529623029,92,9529623121,10,2,2,nine billion five hundred twenty-nine million six hundred twenty-three thousand one hundred twenty-one,"What is 9529623029 + 92? Please write your answer in words. Do not include any other text or information, just the answer in words."
a03_b10_r01,3,10,1,86,248,3676795322,3676795570,10,1,1,three billion six hundred seventy-six million seven hundred ninety-five thousand five hundred seventy,"What is 248 + 3676795322? Please write your answer in words. Do not include any other text or information, just the answer in words."
a10_b03_r01,10,3,1,87,8650248533,818,8650249351,10,2,1,eight billion six hundred fifty million two hundred forty-nine thousand three hundred fifty-one,"What is 8650248533 + 818? Please write your answer in words. Do not include any other text or information, just the answer in words."
a04_b10_r01,4,10,1,88,4667,4734610610,4734615277,10,1,1,four billion seven hundred thirty-four million six hundred fifteen thousand two hundred seventy-seven,"What is 4667 + 4734610610? Please write your answer in words. Do not include any other text or information, just the answer in words."
a10_b04_r01,10,4,1,89,9770356549,6178,9770362727,10,3,2,nine billion seven hundred seventy million three hundred sixty-two thousand seven hundred twenty-seven,"What is 9770356549 + 6178? Please write your answer in words. Do not include any other text or information, just the answer in words."
a05_b10_r01,5,10,1,90,62870,9320460084,9320522954,10,2,1,nine billion three hundred twenty million five hundred twenty-two thousand nine hundred fifty-four,"What is 62870 + 9320460084? Please write your answer in words. Do not include any other text or information, just the answer in words."
a10_b05_r01,10,5,1,91,4590717550,64488,4590782038,10,3,3,four billion five hundred ninety million seven hundred eighty-two thousand thirty-eight,"What is 4590717550 + 64488? Please write your answer in words. Do not include any other text or information, just the answer in words."
a10_b06_r01,10,6,1,92,5720052157,677094,5720729251,10,3,2,five billion seven hundred twenty million seven hundred twenty-nine thousand two hundred fifty-one,"What is 5720052157 + 677094? Please write your answer in words. Do not include any other text or information, just the answer in words."
a06_b10_r01,6,10,1,93,667359,4015038273,4015705632,10,4,2,four billion fifteen million seven hundred five thousand six hundred thirty-two,"What is 667359 + 4015038273? Please write your answer in words. Do not include any other text or information, just the answer in words."
a07_b10_r01,7,10,1,94,3204825,9881262090,9884466915,10,1,1,nine billion eight hundred eighty-four million four hundred sixty-six thousand nine hundred fifteen,"What is 3204825 + 9881262090? Please write your answer in words. Do not include any other text or information, just the answer in words."
a10_b07_r01,10,7,1,95,5655003024,9120687,5664123711,10,3,2,five billion six hundred sixty-four million one hundred twenty-three thousand seven hundred eleven,"What is 5655003024 + 9120687? Please write your answer in words. Do not include any other text or information, just the answer in words."
a10_b08_r01,10,8,1,96,9060602805,61360781,9121963586,10,2,1,nine billion one hundred twenty-one million nine hundred sixty-three thousand five hundred eighty-six,"What is 9060602805 + 61360781? Please write your answer in words. Do not include any other text or information, just the answer in words."
a08_b10_r01,8,10,1,97,15901702,2317711708,2333613410,10,4,2,two billion three hundred thirty-three million six hundred thirteen thousand four hundred ten,"What is 15901702 + 2317711708? Please write your answer in words. Do not include any other text or information, just the answer in words."
a09_b10_r01,9,10,1,98,984806743,6088062055,7072868798,10,3,3,seven billion seventy-two million eight hundred sixty-eight thousand seven hundred ninety-eight,"What is 984806743 + 6088062055? Please write your answer in words. Do not include any other text or information, just the answer in words."
a10_b09_r01,10,9,1,99,1810399000,496981591,2307380591,10,5,3,two billion three hundred seven million three hundred eighty thousand five hundred ninety-one,"What is 1810399000 + 496981591? Please write your answer in words. Do not include any other text or information, just the answer in words."
a10_b10_r01,10,10,1,100,6022324465,9006585494,15028909959,11,3,1,fifteen billion twenty-eight million nine hundred nine thousand nine hundred fifty-nine,"What is 6022324465 + 9006585494? Please write your answer in words. Do not include any other text or information, just the answer in words."
a11_b01_r01,11,1,1,101,34759873537,2,34759873539,11,0,0,thirty-four billion seven hundred fifty-nine million eight hundred seventy-three thousand five hundred thirty-nine,"What is 34759873537 + 2? Please write your answer in words. Do not include any other text or information, just the answer in words."
a01_b11_r01,1,11,1,102,5,93070908220,93070908225,11,0,0,ninety-three billion seventy million nine hundred eight thousand two hundred twenty-five,"What is 5 + 93070908220? Please write your answer in words. Do not include any other text or information, just the answer in words."
a11_b02_r01,11,2,1,103,66492853549,50,66492853599,11,0,0,sixty-six billion four hundred ninety-two million eight hundred fifty-three thousand five hundred ninety-nine,"What is 66492853549 + 50? Please write your answer in words. Do not include any other text or information, just the answer in words."
a02_b11_r01,2,11,1,104,96,91122083479,91122083575,11,2,2,ninety-one billion one hundred twenty-two million eighty-three thousand five hundred seventy-five,"What is 96 + 91122083479? Please write your answer in words. Do not include any other text or information, just the answer in words."
a11_b03_r01,11,3,1,105,56995201069,906,56995201975,11,1,1,fifty-six billion nine hundred ninety-five million two hundred one thousand nine hundred seventy-five,"What is 56995201069 + 906? Please write your answer in words. Do not include any other text or information, just the answer in words."
a03_b11_r01,3,11,1,106,937,87909087380,87909088317,11,2,2,eighty-seven billion nine hundred nine million eighty-eight thousand three hundred seventeen,"What is 937 + 87909087380? Please write your answer in words. Do not include any other text or information, just the answer in words."
a04_b11_r01,4,11,1,107,6848,34543981537,34543988385,11,2,1,thirty-four billion five hundred forty-three million nine hundred eighty-eight thousand three hundred eighty-five,"What is 6848 + 34543981537? Please write your answer in words. Do not include any other text or information, just the answer in words."
a11_b04_r01,11,4,1,108,49881385687,6497,49881392184,11,4,4,forty-nine billion eight hundred eighty-one million three hundred ninety-two thousand one hundred eighty-four,"What is 49881385687 + 6497? Please write your answer in words. Do not include any other text or information, just the answer in words."
a11_b05_r01,11,5,1,109,61290223245,88561,61290311806,11,3,2,sixty-one billion two hundred ninety million three hundred eleven thousand eight hundred six,"What is 61290223245 + 88561? Please write your answer in words. Do not include any other text or information, just the answer in words."
a05_b11_r01,5,11,1,110,62565,93246357894,93246420459,11,4,4,ninety-three billion two hundred forty-six million four hundred twenty thousand four hundred fifty-nine,"What is 62565 + 93246357894? Please write your answer in words. Do not include any other text or information, just the answer in words."
a11_b06_r01,11,6,1,111,21149866314,431548,21150297862,11,3,2,twenty-one billion one hundred fifty million two hundred ninety-seven thousand eight hundred sixty-two,"What is 21149866314 + 431548? Please write your answer in words. Do not include any other text or information, just the answer in words."
a06_b11_r01,6,11,1,112,863829,18405459686,18406323515,11,6,6,eighteen billion four hundred six million three hundred twenty-three thousand five hundred fifteen,"What is 863829 + 18405459686? Please write your answer in words. Do not include any other text or information, just the answer in words."
a07_b11_r01,7,11,1,113,3596922,51170245517,51173842439,11,3,3,fifty-one billion one hundred seventy-three million eight hundred forty-two thousand four hundred thirty-nine,"What is 3596922 + 51170245517? Please write your answer in words. Do not include any other text or information, just the answer in words."
a11_b07_r01,11,7,1,114,92969463278,2544247,92972007525,11,5,3,ninety-two billion nine hundred seventy-two million seven thousand five hundred twenty-five,"What is 92969463278 + 2544247? Please write your answer in words. Do not include any other text or information, just the answer in words."
a11_b08_r01,11,8,1,115,13696041045,83133291,13779174336,11,2,1,thirteen billion seven hundred seventy-nine million one hundred seventy-four thousand three hundred thirty-six,"What is 13696041045 + 83133291? Please write your answer in words. Do not include any other text or information, just the answer in words."
a08_b11_r01,8,11,1,116,52792166,32966494628,33019286794,11,5,2,thirty-three billion nineteen million two hundred eighty-six thousand seven hundred ninety-four,"What is 52792166 + 32966494628? Please write your answer in words. Do not include any other text or information, just the answer in words."
a11_b09_r01,11,9,1,117,17498147585,631713963,18129861548,11,5,3,eighteen billion one hundred twenty-nine million eight hundred sixty-one thousand five hundred forty-eight,"What is 17498147585 + 631713963? Please write your answer in words. Do not include any other text or information, just the answer in words."
a09_b11_r01,9,11,1,118,939142527,57964824273,58903966800,11,5,3,fifty-eight billion nine hundred three million nine hundred sixty-six thousand eight hundred,"What is 939142527 + 57964824273? Please write your answer in words. Do not include any other text or information, just the answer in words."
a11_b10_r01,11,10,1,119,23450183908,8227446317,31677630225,11,5,3,thirty-one billion six hundred seventy-seven million six hundred thirty thousand two hundred twenty-five,"What is 23450183908 + 8227446317? Please write your answer in words. Do not include any other text or information, just the answer in words."
a10_b11_r01,10,11,1,120,8810047276,22521053259,31331100535,11,6,2,thirty-one billion three hundred thirty-one million one hundred thousand five hundred thirty-five,"What is 8810047276 + 22521053259? Please write your answer in words. Do not include any other text or information, just the answer in words."
a11_b11_r01,11,11,1,121,52961092052,50620369223,103581461275,12,4,2,one hundred three billion five hundred eighty-one million four hundred sixty-one thousand two hundred seventy-five,"What is 52961092052 + 50620369223? Please write your answer in words. Do not include any other text or information, just the answer in words."
a12_b01_r01,12,1,1,122,216088999925,3,216088999928,12,0,0,two hundred sixteen billion eighty-eight million nine hundred ninety-nine thousand nine hundred twenty-eight,"What is 216088999925 + 3? Please write your answer in words. Do not include any other text or information, just the answer in words."
a01_b12_r01,1,12,1,123,8,736402427067,736402427075,12,1,1,seven hundred thirty-six billion four hundred two million four hundred twenty-seven thousand seventy-five,"What is 8 + 736402427067? Please write your answer in words. Do not include any other text or information, just the answer in words."
a02_b12_r01,2,12,1,124,86,613455451002,613455451088,12,0,0,six hundred thirteen billion four hundred fifty-five million four hundred fifty-one thousand eighty-eight,"What is 86 + 613455451002? Please write your answer in words. Do not include any other text or information, just the answer in words."
a12_b02_r01,12,2,1,125,910715038304,47,910715038351,12,1,1,nine hundred ten billion seven hundred fifteen million thirty-eight thousand three hundred fifty-one,"What is 910715038304 + 47? Please write your answer in words. Do not include any other text or information, just the answer in words."
a03_b12_r01,3,12,1,126,880,605654142304,605654143184,12,1,1,six hundred five billion six hundred fifty-four million one hundred forty-three thousand one hundred eighty-four,"What is 880 + 605654142304? Please write your answer in words. Do not include any other text or information, just the answer in words."
a12_b03_r01,12,3,1,127,129927353517,688,129927354205,12,3,3,one hundred twenty-nine billion nine hundred twenty-seven million three hundred fifty-four thousand two hundred five,"What is 129927353517 + 688? Please write your answer in words. Do not include any other text or information, just the answer in words."
a12_b04_r01,12,4,1,128,160830214494,2458,160830216952,12,2,2,one hundred sixty billion eight hundred thirty million two hundred sixteen thousand nine hundred fifty-two,"What is 160830214494 + 2458? Please write your answer in words. Do not include any other text or information, just the answer in words."
a04_b12_r01,4,12,1,129,1852,451987685382,451987687234,12,2,2,four hundred fifty-one billion nine hundred eighty-seven million six hundred eighty-seven thousand two hundred thirty-four,"What is 1852 + 451987685382? Please write your answer in words. Do not include any other text or information, just the answer in words."
a05_b12_r01,5,12,1,130,43402,901012092506,901012135908,12,1,1,nine hundred one billion twelve million one hundred thirty-five thousand nine hundred eight,"What is 43402 + 901012092506? Please write your answer in words. Do not include any other text or information, just the answer in words."
a12_b05_r01,12,5,1,131,445937529301,29959,445937559260,12,3,2,four hundred forty-five billion nine hundred thirty-seven million five hundred fifty-nine thousand two hundred sixty,"What is 445937529301 + 29959? Please write your answer in words. Do not include any other text or information, just the answer in words."
a06_b12_r01,6,12,1,132,823998,153182120466,153182944464,12,3,3,one hundred fifty-three billion one hundred eighty-two million nine hundred forty-four thousand four hundred sixty-four,"What is 823998 + 153182120466? Please write your answer in words. Do not include any other text or information, just the answer in words."
a12_b06_r01,12,6,1,133,115844593243,451993,115845045236,12,4,2,one hundred fifteen billion eight hundred forty-five million forty-five thousand two hundred thirty-six,"What is 115844593243 + 451993? Please write your answer in words. Do not include any other text or information, just the answer in words."
a07_b12_r01,7,12,1,134,3177982,555783671725,555786849707,12,3,2,five hundred fifty-five billion seven hundred eighty-six million eight hundred forty-nine thousand seven hundred seven,"What is 3177982 + 555783671725? Please write your answer in words. Do not include any other text or information, just the answer in words."
a12_b07_r01,12,7,1,135,410932788698,9767482,410942556180,12,7,7,four hundred ten billion nine hundred forty-two million five hundred fifty-six thousand one hundred eighty,"What is 410932788698 + 9767482? Please write your answer in words. Do not include any other text or information, just the answer in words."
a12_b08_r01,12,8,1,136,126341792607,17856326,126359648933,12,3,2,one hundred twenty-six billion three hundred fifty-nine million six hundred forty-eight thousand nine hundred thirty-three,"What is 126341792607 + 17856326? Please write your answer in words. Do not include any other text or information, just the answer in words."
a08_b12_r01,8,12,1,137,65488880,773345771429,773411260309,12,7,7,seven hundred seventy-three billion four hundred eleven million two hundred sixty thousand three hundred nine,"What is 65488880 + 773345771429? Please write your answer in words. Do not include any other text or information, just the answer in words."
a09_b12_r01,9,12,1,138,574570184,906315270463,906889840647,12,2,1,nine hundred six billion eight hundred eighty-nine million eight hundred forty thousand six hundred forty-seven,"What is 574570184 + 906315270463? Please write your answer in words. Do not include any other text or information, just the answer in words."
a12_b09_r01,12,9,1,139,866210161193,296827965,866506989158,12,3,2,eight hundred sixty-six billion five hundred six million nine hundred eighty-nine thousand one hundred fifty-eight,"What is 866210161193 + 296827965? Please write your answer in words. Do not include any other text or information, just the answer in words."
a12_b10_r01,12,10,1,140,870470110257,7290379406,877760489663,12,2,1,eight hundred seventy-seven billion seven hundred sixty million four hundred eighty-nine thousand six hundred sixty-three,"What is 870470110257 + 7290379406? Please write your answer in words. Do not include any other text or information, just the answer in words."
a10_b12_r01,10,12,1,141,6562154359,197276635314,203838789673,12,4,2,two hundred three billion eight hundred thirty-eight million seven hundred eighty-nine thousand six hundred seventy-three,"What is 6562154359 + 197276635314? Please write your answer in words. Do not include any other text or information, just the answer in words."
a11_b12_r01,11,12,1,142,34891844207,311033131941,345924976148,12,2,1,three hundred forty-five billion nine hundred twenty-four million nine hundred seventy-six thousand one hundred forty-eight,"What is 34891844207 + 311033131941? Please write your answer in words. Do not include any other text or information, just the answer in words."
a12_b11_r01,12,11,1,143,337665088936,50212291840,387877380776,12,3,3,three hundred eighty-seven billion eight hundred seventy-seven million three hundred eighty thousand seven hundred seventy-six,"What is 337665088936 + 50212291840? Please write your answer in words. Do not include any other text or information, just the answer in words."
a12_b12_r01,12,12,1,144,728706415402,390790411879,1119496827281,13,5,2,one trillion one hundred nineteen billion four hundred ninety-six million eight hundred twenty-seven thousand two hundred eighty-one,"What is 728706415402 + 390790411879? Please write your answer in words. Do not include any other text or information, just the answer in words."
a13_b01_r01,13,1,1,145,2318772548182,6,2318772548188,13,0,0,two trillion three hundred eighteen billion seven hundred seventy-two million five hundred forty-eight thousand one hundred eighty-eight,"What is 2318772548182 + 6? Please write your answer in words. Do not include any other text or information, just the answer in words."
a01_b13_r01,1,13,1,146,4,9539423576358,9539423576362,13,1,1,nine trillion five hundred thirty-nine billion four hundred twenty-three million five hundred seventy-six thousand three hundred sixty-two,"What is 4 + 9539423576358? Please write your answer in words. Do not include any other text or information, just the answer in words."
a02_b13_r01,2,13,1,147,19,7015252531933,7015252531952,13,1,1,seven trillion fifteen billion two hundred fifty-two million five hundred thirty-one thousand nine hundred fifty-two,"What is 19 + 7015252531933? Please write your answer in words. Do not include any other text or information, just the answer in words."
a13_b02_r01,13,2,1,148,4010077882888,54,4010077882942,13,2,2,four trillion ten billion seventy-seven million eight hundred eighty-two thousand nine hundred forty-two,"What is 4010077882888 + 54? Please write your answer in words. Do not include any other text or information, just the answer in words."
a03_b13_r01,3,13,1,149,742,1776116930453,1776116931195,13,1,1,one trillion seven hundred seventy-six billion one hundred sixteen million nine hundred thirty-one thousand one hundred ninety-five,"What is 742 + 1776116930453? Please write your answer in words. Do not include any other text or information, just the answer in words."
a13_b03_r01,13,3,1,150,3243231120655,421,3243231121076,13,1,1,three trillion two hundred forty-three billion two hundred thirty-one million one hundred twenty-one thousand seventy-six,"What is 3243231120655 + 421? Please write your answer in words. Do not include any other text or information, just the answer in words."
a04_b13_r01,4,13,1,151,4903,9359657786544,9359657791447,13,2,2,nine trillion three hundred fifty-nine billion six hundred fifty-seven million seven hundred ninety-one thousand four hundred forty-seven,"What is 4903 + 9359657786544? Please write your answer in words. Do not include any other text or information, just the answer in words."
a13_b04_r01,13,4,1,152,9089317410489,9033,9089317419522,13,2,2,nine trillion eighty-nine billion three hundred seventeen million four hundred nineteen thousand five hundred twenty-two,"What is 9089317410489 + 9033? Please write your answer in words. Do not include any other text or information, just the answer in words."
a05_b13_r01,5,13,1,153,42110,8430667521807,8430667563917,13,0,0,eight trillion four hundred thirty billion six hundred sixty-seven million five hundred sixty-three thousand nine hundred seventeen,"What is 42110 + 8430667521807? Please write your answer in words. Do not include any other text or information, just the answer in words."
a13_b05_r01,13,5,1,154,9589725593212,62954,9589725656166,13,2,1,nine trillion five hundred eighty-nine billion seven hundred twenty-five million six hundred fifty-six thousand one hundred sixty-six,"What is 9589725593212 + 62954? Please write your answer in words. Do not include any other text or information, just the answer in words."
a13_b06_r01,13,6,1,155,4448939511170,303872,4448939815042,13,2,2,four trillion four hundred forty-eight billion nine hundred thirty-nine million eight hundred fifteen thousand forty-two,"What is 4448939511170 + 303872? Please write your answer in words. Do not include any other text or information, just the answer in words."
a06_b13_r01,6,13,1,156,465066,1759363994834,1759364459900,13,4,2,one trillion seven hundred fifty-nine billion three hundred sixty-four million four hundred fifty-nine thousand nine hundred,"What is 465066 + 1759363994834? Please write your answer in words. Do not include any other text or information, just the answer in words."
a07_b13_r01,7,13,1,157,7221309,9361412987913,9361420209222,13,5,3,nine trillion three hundred sixty-one billion four hundred twenty million two hundred nine thousand two hundred twenty-two,"What is 7221309 + 9361412987913? Please write your answer in words. Do not include any other text or information, just the answer in words."
a13_b07_r01,13,7,1,158,5757702272965,9535865,5757711808830,13,5,3,five trillion seven hundred fifty-seven billion seven hundred eleven million eight hundred eight thousand eight hundred thirty,"What is 5757702272965 + 9535865? Please write your answer in words. Do not include any other text or information, just the answer in words."
a13_b08_r01,13,8,1,159,9727269843104,21731728,9727291574832,13,3,2,nine trillion seven hundred twenty-seven billion two hundred ninety-one million five hundred seventy-four thousand eight hundred thirty-two,"What is 9727269843104 + 21731728? Please write your answer in words. Do not include any other text or information, just the answer in words."
a08_b13_r01,8,13,1,160,59075821,6243262436952,6243321512773,13,5,3,six trillion two hundred forty-three billion three hundred twenty-one million five hundred twelve thousand seven hundred seventy-three,"What is 59075821 + 6243262436952? Please write your answer in words. Do not include any other text or information, just the answer in words."
a09_b13_r01,9,13,1,161,845607017,1204725957958,1205571564975,13,5,2,one trillion two hundred five billion five hundred seventy-one million five hundred sixty-four thousand nine hundred seventy-five,"What is 845607017 + 1204725957958? Please write your answer in words. Do not include any other text or information, just the answer in words."
a13_b09_r01,13,9,1,162,1701426455980,503904862,1701930360842,13,5,3,one trillion seven hundred one billion nine hundred thirty million three hundred sixty thousand eight hundred forty-two,"What is 1701426455980 + 503904862? Please write your answer in words. Do not include any other text or information, just the answer in words."
a13_b10_r01,13,10,1,163,4946577846546,8252560713,4954830407259,13,6,4,four trillion nine hundred fifty-four billion eight hundred thirty million four hundred seven thousand two hundred fifty-nine,"What is 4946577846546 + 8252560713? Please write your answer in words. Do not include any other text or information, just the answer in words."
a10_b13_r01,10,13,1,164,6189678325,8320692444688,8326882123013,13,8,8,eight trillion three hundred twenty-six billion eight hundred eighty-two million one hundred twenty-three thousand thirteen,"What is 6189678325 + 8320692444688? Please write your answer in words. Do not include any other text or information, just the answer in words."
a11_b13_r01,11,13,1,165,79141157838,3320622686571,3399763844409,13,4,4,three trillion three hundred ninety-nine billion seven hundred sixty-three million eight hundred forty-four thousand four hundred nine,"What is 79141157838 + 3320622686571? Please write your answer in words. Do not include any other text or information, just the answer in words."
a13_b11_r01,13,11,1,166,9558190671365,35576416769,9593767088134,13,6,3,nine trillion five hundred ninety-three billion seven hundred sixty-seven million eighty-eight thousand one hundred thirty-four,"What is 9558190671365 + 35576416769? Please write your answer in words. Do not include any other text or information, just the answer in words."
a13_b12_r01,13,12,1,167,1465595440949,378524542627,1844119983576,13,6,4,one trillion eight hundred forty-four billion one hundred nineteen million nine hundred eighty-three thousand five hundred seventy-six,"What is 1465595440949 + 378524542627? Please write your answer in words. Do not include any other text or information, just the answer in words."
a12_b13_r01,12,13,1,168,369418964149,7739610740945,8109029705094,13,8,4,eight trillion one hundred nine billion twenty-nine million seven hundred five thousand ninety-four,"What is 369418964149 + 7739610740945? Please write your answer in words. Do not include any other text or information, just the answer in words."
a13_b13_r01,13,13,1,169,4299366105622,6088794067970,10388160173592,14,8,5,ten trillion three hundred eighty-eight billion one hundred sixty million one hundred seventy-three thousand five hundred ninety-two,"What is 4299366105622 + 6088794067970? Please write your answer in words. Do not include any other text or information, just the answer in words."
